{
  "mse": 1.4988987683781552,
  "r2": -0.002563842248328063
}