{
  "mse": 1.492158766283182,
  "r2": -0.0031786223522412005
}